{
  "timestamp": "20260106_164604",
  "config": {
    "total_quests": 27,
    "total_users": 10,
    "tested_users": 10,
    "search_queries": 28
  },
  "algorithms": {
    "Content-Based BERT": {
      "info": {
        "name": "Content-Based BERT",
        "type": "content_based",
        "model": "paraphrase-multilingual-MiniLM-L12-v2",
        "embedding_dim": 384,
        "description": "Контентная фильтрация на основе BERT эмбеддингов"
      },
      "quest_metrics": {
        "precision@k": 0.5399999999999999,
        "precision@k_std": 0.20099751242241778,
        "recall@k": 0.33809523809523806,
        "recall@k_std": 0.08257992761224997,
        "f1@k": 0.41229770229770224,
        "f1@k_std": 0.1192797283170692,
        "ndcg@k": 0.5693183682877596,
        "ndcg@k_std": 0.2080413142675587,
        "map@k": 0.42266666666666663,
        "map@k_std": 0.2354088641774845
      },
      "search_metrics": {
        "precision": 0.22000000000000003,
        "recall": 1.0,
        "f1": 0.3571428571428572,
        "mrr": 1.0
      },
      "friend_metrics": {
        "friend_precision@k": 0.6333333333333333,
        "friend_precision@k_std": 0.23333333333333334,
        "friend_recall@k": 0.7,
        "friend_recall@k_std": 0.2560381915956203,
        "friend_f1@k": 0.6414285714285713,
        "friend_f1@k_std": 0.21698877156232527,
        "friend_map@k": 0.6083333333333334,
        "friend_map@k_std": 0.3143801465474718
      },
      "performance": {
        "avg_recommendation_time_ms": 3.677058219909668,
        "avg_search_time_ms": 32.65633583068848,
        "avg_friend_recommendation_time_ms": 2.51772403717041
      }
    },
    "Collaborative KNN (k=3)": {
      "info": {
        "name": "Collaborative KNN (k=3)",
        "type": "collaborative",
        "n_neighbors": 3,
        "description": "Коллаборативная фильтрация на основе пользовательских предпочтений"
      },
      "quest_metrics": {
        "precision@k": 0.4,
        "precision@k_std": 0.322490309931942,
        "recall@k": 0.24611111111111109,
        "recall@k_std": 0.20559391687151868,
        "f1@k": 0.3027605727605728,
        "f1@k_std": 0.24816157094996216,
        "ndcg@k": 0.4638545000720814,
        "ndcg@k_std": 0.32584257571287883,
        "map@k": 0.368,
        "map@k_std": 0.31776721039150657
      },
      "search_metrics": {
        "precision": 0.0,
        "recall": 0.0,
        "f1": 0.0,
        "mrr": 0.0
      },
      "friend_metrics": {
        "friend_precision@k": 0.6333333333333334,
        "friend_precision@k_std": 0.2333333333333333,
        "friend_recall@k": 0.65,
        "friend_recall@k_std": 0.29297326385411576,
        "friend_f1@k": 0.6314285714285715,
        "friend_f1@k_std": 0.2461513278259457,
        "friend_map@k": 0.6083333333333333,
        "friend_map@k_std": 0.2722930746796887
      },
      "performance": {
        "avg_recommendation_time_ms": 1.380753517150879,
        "avg_search_time_ms": 0.0,
        "avg_friend_recommendation_time_ms": 1.7128705978393555
      }
    },
    "Hybrid (CB:0.7, CF:0.3)": {
      "info": {
        "name": "Hybrid (CB:0.7, CF:0.3)",
        "type": "hybrid",
        "content_weight": 0.7,
        "collaborative_weight": 0.3,
        "description": "Гибридный алгоритм, объединяющий контентную и коллаборативную фильтрацию"
      },
      "quest_metrics": {
        "precision@k": 0.5599999999999999,
        "precision@k_std": 0.17435595774162693,
        "recall@k": 0.35349206349206347,
        "recall@k_std": 0.07757095111275979,
        "f1@k": 0.4299167499167499,
        "f1@k_std": 0.10753250774989152,
        "ndcg@k": 0.5814339895224249,
        "ndcg@k_std": 0.23748848768992242,
        "map@k": 0.45499999999999996,
        "map@k_std": 0.252288415200628
      },
      "search_metrics": {
        "precision": 0.22000000000000003,
        "recall": 1.0,
        "f1": 0.3571428571428572,
        "mrr": 1.0
      },
      "friend_metrics": {
        "friend_precision@k": 0.6666666666666667,
        "friend_precision@k_std": 0.14907119849998599,
        "friend_recall@k": 0.75,
        "friend_recall@k_std": 0.21408720964441882,
        "friend_f1@k": 0.6814285714285714,
        "friend_f1@k_std": 0.14123604018669966,
        "friend_map@k": 0.6638888888888889,
        "friend_map@k_std": 0.20877730471237282
      },
      "performance": {
        "avg_recommendation_time_ms": 5.696225166320801,
        "avg_search_time_ms": 42.64655113220215,
        "avg_friend_recommendation_time_ms": 3.7476539611816406
      }
    },
    "Simple TF-IDF": {
      "info": {
        "name": "Simple TF-IDF",
        "type": "tfidf",
        "max_features": 1000,
        "description": "Простой алгоритм на основе TF-IDF векторизации"
      },
      "quest_metrics": {
        "precision@k": 0.4800000000000001,
        "precision@k_std": 0.1833030277982336,
        "recall@k": 0.3064285714285714,
        "recall@k_std": 0.09693313028078555,
        "f1@k": 0.37001332001332,
        "f1@k_std": 0.1202286376267096,
        "ndcg@k": 0.4824388760389938,
        "ndcg@k_std": 0.1836390069951366,
        "map@k": 0.33133333333333337,
        "map@k_std": 0.18938614286982855
      },
      "search_metrics": {
        "precision": 0.2,
        "recall": 0.9,
        "f1": 0.3238095238095239,
        "mrr": 0.825
      },
      "friend_metrics": {
        "friend_precision@k": 0.6333333333333334,
        "friend_precision@k_std": 0.27688746209726917,
        "friend_recall@k": 0.6583333333333333,
        "friend_recall@k_std": 0.3342695186688596,
        "friend_f1@k": 0.6361904761904762,
        "friend_f1@k_std": 0.29260887657165513,
        "friend_map@k": 0.5611111111111111,
        "friend_map@k_std": 0.3014368881389008
      },
      "performance": {
        "avg_recommendation_time_ms": 2.22017765045166,
        "avg_search_time_ms": 4.114198684692383,
        "avg_friend_recommendation_time_ms": 7.499265670776367
      }
    }
  },
  "summary": {
    "best_quest_algorithm": "Hybrid (CB:0.7, CF:0.3)",
    "best_search_algorithm": "Content-Based BERT",
    "best_friend_algorithm": "Hybrid (CB:0.7, CF:0.3)"
  }
}