{
  "timestamp": "2026-01-05 23:40:48",
  "config": {
    "total_quests": 27,
    "total_users": 50,
    "test_users": 20
  },
  "algorithms": {
    "Content-Based BERT": {
      "info": {
        "name": "Content-Based BERT",
        "type": "content_based",
        "model": "paraphrase-multilingual-MiniLM-L12-v2",
        "embedding_dim": 384,
        "description": "Контентная фильтрация на основе BERT эмбеддингов"
      },
      "metrics": {
        "precision@k": 0.7500000000000002,
        "precision@k_std": 0.1774823934929885,
        "recall@k": 0.25,
        "recall@k_std": 0.059160797830996155,
        "f1@k": 0.3750000000000001,
        "f1@k_std": 0.08874119674649425,
        "ndcg@k": 0.7868094730136682,
        "ndcg@k_std": 0.17787070790254958,
        "map@k": 0.6871666666666668,
        "map@k_std": 0.22269379824722954
      },
      "friend_metrics": {
        "friend_precision@k": 0.4333333333333333,
        "friend_precision@k_std": 0.21343747458109494,
        "friend_recall@k": 0.26,
        "friend_recall@k_std": 0.12806248474865697,
        "friend_f1@k": 0.325,
        "friend_f1@k_std": 0.16007810593582122,
        "friend_map@k": 0.2666666666666666,
        "friend_map@k_std": 0.19212907184211755
      }
    },
    "Collaborative KNN (k=5)": {
      "info": {
        "name": "Collaborative KNN (k=5)",
        "type": "collaborative",
        "n_neighbors": 5,
        "description": "Коллаборативная фильтрация на основе пользовательских предпочтений"
      },
      "metrics": {
        "precision@k": 0.56,
        "precision@k_std": 0.30724582991474436,
        "recall@k": 0.18666666666666665,
        "recall@k_std": 0.10241527663824812,
        "f1@k": 0.28,
        "f1@k_std": 0.15362291495737218,
        "ndcg@k": 0.6380550913374685,
        "ndcg@k_std": 0.28269364120485885,
        "map@k": 0.5405,
        "map@k_std": 0.31331254363654193
      },
      "friend_metrics": {
        "friend_precision@k": 0.4333333333333333,
        "friend_precision@k_std": 0.3,
        "friend_recall@k": 0.26,
        "friend_recall@k_std": 0.18,
        "friend_f1@k": 0.325,
        "friend_f1@k_std": 0.22499999999999998,
        "friend_map@k": 0.3277777777777777,
        "friend_map@k_std": 0.28267898296019
      }
    },
    "Collaborative KNN (k=10)": {
      "info": {
        "name": "Collaborative KNN (k=10)",
        "type": "collaborative",
        "n_neighbors": 10,
        "description": "Коллаборативная фильтрация на основе пользовательских предпочтений"
      },
      "metrics": {
        "precision@k": 0.7300000000000001,
        "precision@k_std": 0.2215851980616034,
        "recall@k": 0.24333333333333332,
        "recall@k_std": 0.07386173268720111,
        "f1@k": 0.36500000000000005,
        "f1@k_std": 0.1107925990308017,
        "ndcg@k": 0.7692483490526622,
        "ndcg@k_std": 0.20865889595468878,
        "map@k": 0.6733333333333332,
        "map@k_std": 0.2579082524206363
      },
      "friend_metrics": {
        "friend_precision@k": 0.4333333333333333,
        "friend_precision@k_std": 0.3,
        "friend_recall@k": 0.26,
        "friend_recall@k_std": 0.18,
        "friend_f1@k": 0.325,
        "friend_f1@k_std": 0.22499999999999998,
        "friend_map@k": 0.3277777777777777,
        "friend_map@k_std": 0.28267898296019
      }
    },
    "Hybrid (CB:0.5, CF:0.5)": {
      "info": {
        "name": "Hybrid (CB:0.5, CF:0.5)",
        "type": "hybrid",
        "content_weight": 0.5,
        "collaborative_weight": 0.5,
        "description": "Гибридный алгоритм, объединяющий контентную и коллаборативную фильтрацию"
      },
      "metrics": {
        "precision@k": 0.82,
        "precision@k_std": 0.1661324772583615,
        "recall@k": 0.2733333333333333,
        "recall@k_std": 0.055377492419453826,
        "f1@k": 0.41,
        "f1@k_std": 0.08306623862918075,
        "ndcg@k": 0.8411402360397308,
        "ndcg@k_std": 0.17913298985687676,
        "map@k": 0.7665,
        "map@k_std": 0.2324733557014892
      },
      "friend_metrics": {
        "friend_precision@k": 0.39999999999999997,
        "friend_precision@k_std": 0.24944382578492943,
        "friend_recall@k": 0.24,
        "friend_recall@k_std": 0.14966629547095767,
        "friend_f1@k": 0.3,
        "friend_f1@k_std": 0.18708286933869706,
        "friend_map@k": 0.27777777777777773,
        "friend_map@k_std": 0.2151657414559676
      }
    },
    "Hybrid (CB:0.6, CF:0.4)": {
      "info": {
        "name": "Hybrid (CB:0.6, CF:0.4)",
        "type": "hybrid",
        "content_weight": 0.6,
        "collaborative_weight": 0.4,
        "description": "Гибридный алгоритм, объединяющий контентную и коллаборативную фильтрацию"
      },
      "metrics": {
        "precision@k": 0.8,
        "precision@k_std": 0.2,
        "recall@k": 0.2666666666666667,
        "recall@k_std": 0.06666666666666667,
        "f1@k": 0.4,
        "f1@k_std": 0.1,
        "ndcg@k": 0.8261009770322731,
        "ndcg@k_std": 0.20273104295523126,
        "map@k": 0.7505000000000001,
        "map@k_std": 0.2496047430995208
      },
      "friend_metrics": {
        "friend_precision@k": 0.39999999999999997,
        "friend_precision@k_std": 0.24944382578492943,
        "friend_recall@k": 0.24,
        "friend_recall@k_std": 0.14966629547095767,
        "friend_f1@k": 0.3,
        "friend_f1@k_std": 0.18708286933869706,
        "friend_map@k": 0.27777777777777773,
        "friend_map@k_std": 0.2151657414559676
      }
    },
    "Hybrid (CB:0.8, CF:0.2)": {
      "info": {
        "name": "Hybrid (CB:0.8, CF:0.2)",
        "type": "hybrid",
        "content_weight": 0.8,
        "collaborative_weight": 0.2,
        "description": "Гибридный алгоритм, объединяющий контентную и коллаборативную фильтрацию"
      },
      "metrics": {
        "precision@k": 0.79,
        "precision@k_std": 0.19467922333931786,
        "recall@k": 0.2633333333333333,
        "recall@k_std": 0.06489307444643928,
        "f1@k": 0.395,
        "f1@k_std": 0.09733961166965893,
        "ndcg@k": 0.8148383725978358,
        "ndcg@k_std": 0.19019379072195045,
        "map@k": 0.7283333333333334,
        "map@k_std": 0.23791104780288505
      },
      "friend_metrics": {
        "friend_precision@k": 0.39999999999999997,
        "friend_precision@k_std": 0.24944382578492943,
        "friend_recall@k": 0.24,
        "friend_recall@k_std": 0.14966629547095767,
        "friend_f1@k": 0.3,
        "friend_f1@k_std": 0.18708286933869706,
        "friend_map@k": 0.26666666666666666,
        "friend_map@k_std": 0.22194427061597974
      }
    },
    "Simple TF-IDF": {
      "info": {
        "name": "Simple TF-IDF",
        "type": "tfidf",
        "max_features": 1000,
        "description": "Простой алгоритм на основе TF-IDF векторизации"
      },
      "metrics": {
        "precision@k": 0.78,
        "precision@k_std": 0.1777638883463118,
        "recall@k": 0.26,
        "recall@k_std": 0.05925462944877058,
        "f1@k": 0.39,
        "f1@k_std": 0.0888819441731559,
        "ndcg@k": 0.7845191342246871,
        "ndcg@k_std": 0.18621303139278106,
        "map@k": 0.6891666666666667,
        "map@k_std": 0.2495615599851512
      },
      "friend_metrics": {
        "friend_precision@k": 0.4333333333333333,
        "friend_precision@k_std": 0.3,
        "friend_recall@k": 0.26,
        "friend_recall@k_std": 0.18,
        "friend_f1@k": 0.325,
        "friend_f1@k_std": 0.22499999999999998,
        "friend_map@k": 0.3111111111111111,
        "friend_map@k_std": 0.28674417556808757
      }
    }
  },
  "summary": {
    "best_algorithm": "Hybrid (CB:0.5, CF:0.5)",
    "best_f1_score": 0.41,
    "best_friend_algorithm": "Content-Based BERT",
    "best_friend_f1_score": 0.325
  }
}